title,score,id,url,comms_num,created,body
"The online course for ""Automate the Boring Stuff with Python"" is free to sign up this week.",1942,bz3rxv,https://www.reddit.com/r/learnpython/comments/bz3rxv/the_online_course_for_automate_the_boring_stuff/,239,1560231893.0,"School's out, but that doesn't mean you have to stop learning. The online video course from the author of ""Automate the Boring Stuff with Python"" (that's me) is free to sign up for this week. This sign up will give you life time access to the course. Just use the following link:

https://www.udemy.com/automate/?couponCode=SCHOOLS_OUT2

This course is made for complete beginners who have no experience programming. It's ""programming for office workers"" because it skips computer science and teaches you how to do practical tasks: web scraping, updating Excel spreadsheets, parsing PDFs and Word documents, sending out automated email and text notifications, controlling the mouse and keyboard, and more. If you're an experienced programming, you can skip the first half (which covers basic programming concepts) and directly learn about several useful modules for Python.

(This code expires on June14th. Previously I'd give out codes to folks who asked me after the expiration, but it turns into a logistical headache to keep making coupons each time someone asked, so the deadline is firm.)

If you'd like to support me by using an affiliate code (or encourage yourself to finish the course since you put money down on it), you can also use one of these links to pay what you like: (MODS: if this is too spammy, I can take these links down)

* https://www.udemy.com/automate/?couponCode=PAY_10_DOLLARS
* https://www.udemy.com/automate/?couponCode=PAY_20_DOLLARS
* https://www.udemy.com/automate/?couponCode=PAY_30_DOLLARS
* https://www.udemy.com/automate/?couponCode=PAY_40_DOLLARS

This online course covers most, but not quite everything, in the Automate the Boring Stuff with Python book, which is freely available online under a Creative Commons license. You can read it at: https://automatetheboringstuff.com/ (The book has a few more examples, and also covers programmatically creating/editing image files, for example).

If you like the course (or don't like it), please remember to rate it.

Good luck on your programming journey!"
I'm super annoyed and taking it out on learnpython,1257,byfigg,https://www.reddit.com/r/learnpython/comments/byfigg/im_super_annoyed_and_taking_it_out_on_learnpython/,260,1560075446.0,"I've been a senior level software engineer for over 10 years. I have a ton of experience with multiple languages. I've been doing a lot of hard stuff for a very long time. I asked a twitter question to a pretty well-known person in the area I work in the other day, and he got really huffy, assumed that I had no idea what I was doing, told me to not ever do what I was asking about, and told me to go find a different job because I'm not competent to do the one I'm at right now. Never even asked why I was trying to do things a certain way, and just assumed that I was a n00b causing trouble.

&#x200B;

It made me really fucking angry. And it also made me think about how we deal with people we don't know, make assumptions based on questions, and tend to talk shit to people who aren't a part of our in-circle. About how things that people have done for a long time tend to get easier and how we forget how much we didn't know when we were getting started.

&#x200B;

So, I'm taking all my anger at that person out on this sub. I'm going to spend all day tomorrow answering all the questions I possibly can on learnpython in the kindest way I can and with a mentoring attitude where I'll try to understand where you're coming from, what you're trying to achieve, what might be the best way to get to it, and maybe a little extra handholding along the way.

&#x200B;

Be the change you want to see, right?

&#x200B;

Ask me anything about python and anything related to python. I'll spend 12 hours tomorrow answering every question I can.

&#x200B;

&#x200B;

EDIT: man, I was 50/50 on this post getting thrashed by the mods for being a rant. I'm so happy this is getting a lot of responses!

&#x200B;

First of all, thank you to all of you well-wishers encouraging me to not take it so hard. I do take it hard, and that's why I'm trying to resist and do something different with my frustration. To the person who said there needs to be more people like me in the world . . . thanks. That made my day.

&#x200B;

Here are some caveats about my approach: I am not a computer scientist. I don't come from that background. Many of my opinions are not orthodox. I spent the first 20 of my professional life as a classical violinist and music theory teacher. My first technology job was after I read a book on SQL, and my first 3 jobs were nothing but writing SQL. So a lot of my background has come from a data-centric place. It's nice that data is a big thing now! Over the last 13 years though, I've learned python and other languages mostly the hard way, but I've also done a ton of reading academic textbooks because that's how I grew up and learned music theory. So there's going to be some answers where I dive deep into computer science theory and practice and programming language design. Anything I say that isn't verbatim code is just one person's opinion. My word is not gospel. But it's what I have to offer, and I've thought about it a lot.

&#x200B;

I hope I can be really useful answering questions tomorrow and truly kind and helpful to everyone.

&#x200B;

&#x200B;

EditEditEdkt: I changed my mind about being so hostile to the person who gilded me. Thank you kind person, for giving me an imaginary thing to put in my butt while I masturbate."
My Python program was extremely well received at work!,1185,bk1voi,https://www.reddit.com/r/learnpython/comments/bk1voi/my_python_program_was_extremely_well_received_at/,104,1556869821.0,"Pardon the humblebrag.  I took CS in college 10 years ago but transferred to Math sophomore year.  It's actually one of my biggest regrets, but that aside.  

Everyday my department fills out multiple PDF forms with property information found on county websites.  The data is always in the same spot, so I figured I could create a script that pulls everything relevant and fills the PDF form fields automatically.

It went better than I could have ever imagined.  The program works PERFECTLY and is my first practical coding side project that didn't fizzle out.

Today I created a youtube video demonstration and showed my boss.  The video made it's way up to the executive level and it caused a big stir.  Supposedly, a small group was very recently hired in order to find ways to automate data entry at my large company.  My boss said my timing was perfect and that people will be reaching out to me.  I'm super excited and am having a blast.  I feel like a little kid again, tinkering around with the family PC.  

The insane part is that it takes SIX MONTHS to get software approved at my company.  They are going to try and speed it up.

Thanks for reading."
Why study programming when you can just play an RPG?,1049,aw0au0,https://www.reddit.com/r/learnpython/comments/aw0au0/why_study_programming_when_you_can_just_play_an/,183,1551441734.0,"Had a noteworthy event today I thought many people in here would get a kick out of. I work as the IT tutor at my school and has part of that I  handle any Intro to Programming appointments that we get. In the Intro classes, they use Python. So I had a student come in today, basically at her wit's end, border-line in tears. Short of the long: 5 weeks into class and she was not understanding the concepts and it was really frustrating her. Okay, so I hunker down and start working with her. In this case, focusing on loops (as that's chapter 6 in the book). He seems to kind of, sort of be getting it, if I hold her hand and lead her through it.

30 minutes in and we haven't really made any progress. I took a step back and started working with her on comparison operations. But she wasn't really getting that either. she is getting more frustrated. So I try to get her mind off the material for a moment.  Her phone flashes a reminder about ""D&D party"" tonight. So I ask if she plays D&D. She does, and we chat briefly about the campaign she's in (she plays a rogue, go figure). Then I hit on an idea.

 ""You know a lot of early programmers were RPG players and because of  that a lot of what developed into modern programming was influenced and  based on RPG mechanics?""

She looked at me like I'm making a really bad setup for an even worse joke.

""I'm serious. How do you determine if you pass or fail a stat-test?"" I ask.

 ""Well, you determine what you need to roll over to pass, roll a dice,  add any modifiers you have and compare that to the first number."" She explains, more energetically.

""So you perform a comparison operation?"" I asked leadingly.

 ""Well... no. I mean...  kind of... wait..."" She stammers out, her response interspersed as she thinks and talks at the same time. 

I go to write on the White board: 


    if Dice_roll+modifiers >= needed\_roll:  
        you pass  
     else:  
         you fail

She looked at it for a long moment, you could see the gears turning in her head. 

 ""So the variable, Dice\_Roll is added to the variable modifiers.. and that's compared to the needed roll. If the needed\_roll is higher... you  fail... otherwise... you pass."" She parses out, once more thinking and speaking at the same time.

""Yeah... and what about this one?"" I ask as I write on the board:

     while enemy\_attack == True:            
          player.cast(shield)

She looks at it for a minute. 

""So long as the enemy is attacking, cast the shield spell."" she says.

""Nice, how about this one?"" 

     for each enemy in hoard:  
          If player.hp > enemy.defense:  
               Target_enemy = True   
               while Target_enemy == True:  
                    player.attack(sword,enemy)

 ""For each enemy in the hoard... check to see if the player Hit Points are greater then the that enemy's defense. If it is, target that enemy.  As long as that enemy is targeted, attack them.""

""And you just worked through a while loop nested inside an if control statement that was inside a while loop."" I explain.

 ""What?"" She says aghast. She quickly turns back to the board and starts studying the examples intently. I can see her eyes traveling across what I wrote.

""So this on is just a comparison operator?"" She askes pointing to the dice roll I wrote out before.

""Yup."" I respond.

 ""And this is just a while loop that would tell the player character to  cast the shield spell.""  She askes sounding more confident.

""Yup."" I respond.

 Her entire face lights up in that unmistakable look of 'the light bulb turning on'. We start hammering through more examples of loops and control statements, fluctuating between the requirements of her assignments and using RPG examples.

So I guess it all depends on what material you use to explain it, right"
"""Automate the Boring Stuff"" author refactoring beginner's code on a live stream Wed 4/17 at 7pm pacific",881,bdzedl,https://www.reddit.com/r/learnpython/comments/bdzedl/automate_the_boring_stuff_author_refactoring/,69,1555478541.0,"EDIT: Thanks for checking out the stream. If you missed it, it's at https://www.youtube.com/watch?v=y2W1PiHctnE

Hello, Reddit! I'll be going over a short Python game written by a beginner and showing how I'd refactor the code so that it does the same thing but with shorter, more readable code.

I'll be streaming tomorrow evening, Wednesday 4/17/2019 at 7pm Pacific at https://www.twitch.tv/alsweigart/ and answering questions folks post to the chat room. If you can't make it, this stream will be recorded and later posted to [YouTube](https://www.youtube.com/user/Albert10110).

Some of the themes I'll cover are:

* How to avoid ""Choose Your Own Adventure"" style code, which depends on flow control instead of data structures.
* How to remove duplicate code (and why you'd want to).
* When you should replace multiple variables with a list or dictionary.
* How you can save yourself effort by using the Python standard library.

If you have programs you'd like to see me refactor, feel free to PM me or post as a comment here your pastebin.com link. To make sure the audience can follow along and it's easy to stream, I'd like to ask that they:

* Generally be between 10 and 300 lines of code in a single file.
* Only use the Python standard library and not require additional modules.
* Not require additional files, like files that need to be on your computer, or account info or special permissions or environment setups.

See you then!"
"Al Sweigart, author of the legendary 'Automate The Boring Stuff' book (and many others) now streams beginner-friendly live coding on twitch!",847,ao3zq2,https://www.reddit.com/r/learnpython/comments/ao3zq2/al_sweigart_author_of_the_legendary_automate_the/,56,1549576757.0,"Find him here:

- https://www.twitch.tv/alsweigart

Thanks to u/fersloth for posting this info in r/Python, this is super exciting news for anyone who watches twitch and wants to learn to code from a professional programmer and educator in an interactive environment!
"
Just spent 2 hours to automate joining csv files saving hundreds of hours a year,761,a085dx,https://www.reddit.com/r/learnpython/comments/a085dx/just_spent_2_hours_to_automate_joining_csv_files/,106,1543177971.0,"I just am feeling that buzz from  solving a problem that will save our small business potentially hundreds of hours a year.  We had multiple csv files that had info linked by an ID column that we had to join into a new sheet by hand every month or so.  Boring and time consuming. 

Now all we do is select the source files via a gui and done.  It spits out the newly joined csv.

Simple for some but this is one of my first code tasks that I really understood my approach from the start,   pumped out the code and it all just worked. 

Very pleased.  Buzzed"
I've officially started to automate parts of my job today and it feels incredible,673,alt3ge,https://www.reddit.com/r/learnpython/comments/alt3ge/ive_officially_started_to_automate_parts_of_my/,61,1548991153.0,"I'm a lifelong network engineer, and before November of last year I never coded or scripted a damn thing in my life. I knew python could be used for all kinds of tasks and I had been wanting to learn it since about 2016 but stayed away due to intimidation and time constraints. 

In November I got hooked on codeacademy's python course and subscribed, and supplemented it with CBT nuggets' python course. Bought Automate the Boring Stuff on amazon (which is always open and in front of my face while coding) and just started practicing concepts as laid out in the book. 

Today I successfully built a python script that SSH's in to groups of routers/switches and gets information from them, checks the information for certain values, and outputs me a list of compliant devices in a .txt... Last week i built a script that ingests 2 differen excel documents and compares them and alerts me of discrepancies between them. It took a bit of effort, but the reward has already been enormous, its amazing! 

The best part is i can use all of these little functions I've built in other, larger ways later on. Python has seriously empowered me not only in doing things for me, but in the belief that i too could achieve such knowledge apply it to my daily grind, that i too could achieve greatness!"
Learning Python and managed to save my company thousands per year,618,a0jqpr,https://www.reddit.com/r/learnpython/comments/a0jqpr/learning_python_and_managed_to_save_my_company/,105,1543271000.0,"I'm not a programmer, but for the last 18 months I've using python to automate some simple tasks. I work at a mailing house as a ""data guy"". Been here for 7 years, started as an apprentice and in the last year moved into the data side of the company where I'm now the sole data guy. A lot of what we do is setting up variable print documents and sending them out in the post. Things like transnational statements, bank statements, bills etc.

Sending a letter isn't cheap so we need to try and make savings where we can. I'm not sure if people outside of this industry are aware but you can mailsort data into an order to get a good postal discount. So instead of sending all of our letters standard tariff, unsorted, where Royal Mail will then sort your letters, we try to sort this data so we can send the mail to different Royal Mail depots to get a saving.

When you receive a data file from a client this is fine because you use the data file and merge with a pdf document to produce your print ready file.

When you are supplied a PDF from a client you can't exactly extract the address data easily, mailsort in a separate program and add the new information (barcodes, bag numbers etc.) back into the original PDF.

Using Python I have managed to extract this data, mailsort it using our mailsort software, generate the mailsort barcodes for the postal discount and put them back into the original PDF. Meaning for this particular job we save £55,000 just in postage costs over the year. There are a few more jobs for me to set up now.

I'm not here to brag or anything, but this is the first real thing I've done that has made people realise I have some potential and not think I'm a bit of an idiot. Hopefully I can negotiate a pay rise some time in the future! Maybe I can ask for more than my current 24k ha! More excited how I actually made something though! 

Keep on learning guys, this project just hit me one day and I'm glad I've spent the time to learn python."
"I wrote a book on Python Regular Expressions, it is FREE through this weekend",625,aevgbi,https://www.reddit.com/r/learnpython/comments/aevgbi/i_wrote_a_book_on_python_regular_expressions_it/,101,1547242738.0,"Hello!

I've just released my book on Python Regular Expressions and it is free to download till 13-Jan-2019. You can still pay if you wish :)

* e-book link: https://leanpub.com/py_regex/c/P7erPYAm1386
    * you will continue to get free updates in future, you'll need to opt-in to get notification via e-mail
* github repo: https://github.com/learnbyexample/py_regular_expressions

This book would help you learn regular expressions step by step with 200+ examples, from basics to advanced levels. In addition to **re** module that comes with standard library, the 3rd party [regex](https://pypi.org/project/regex/) module is covered as well. Exercises are also included to test your understanding.

**Table of Contents**

1. Preface
2. Why is it needed?
3. Regular Expression modules
4. Anchors
5. Alternation and Grouping
6. Escaping metacharacters
7. Dot metacharacter and Quantifiers
8. Working with matched portions
9. Character class
10. Groupings and backreferences
11. Lookarounds
12. Flags
13. Unicode
14. Miscellaneous
15. Gotchas
16. Further Reading

Hope you find the book useful. I would be grateful for your feedback and suggestions.

Happy learning :)"
90% Python in 90 minutes,603,661o5a,https://www.reddit.com/r/learnpython/comments/661o5a/90_python_in_90_minutes/,45,1492534417.0,"Came across [this link](https://www.slideshare.net/mobile/MattHarrison4/learn-90).

Though you may like it."
I didn’t know anything about programming three months ago and I just released my first official Python tool at my job,599,bhccr1,https://www.reddit.com/r/learnpython/comments/bhccr1/i_didnt_know_anything_about_programming_three/,109,1556247174.0,"I came into a great job doing tech support and didn’t know anything about programming. A month in, I saw they were doing some things manually like reading through “logs” for debugging and saw an opportunity. I told my boss of one month maybe we can automate some of this process. I didn’t give him any hard promises but said something to the effect of “let me see what I can do.”  I taught myself python for two and a half months and released a tool at work which does in 20 seconds, what used to take us sometimes up to an hour. 

Aside from everyone being super impressed and cutting down our work load by huge margins(this freeing up time for more important things), I believe it sets me apart from our other workers and shows they made a good choice bringing in new blood. A new realization has also now set in, I LOVE programming in Python. While I don’t get to program every single day due to having a family, I do dedicate a few hours a week to it and am exploring becoming a developer. 

Cheers everyone and don’t give up!

Edit

There seems to be a lot of interest in how I learned. 

I started out doing the two Microsoft classes on EdX. Every time I learned something new I immediately saw a function for it in my program. Slowly I implemented it into my program. It’s the program by the bald guy, I forget his name. He’s very boring unfortunately, but I’m very grateful to him for the information. I’m still very much a beginner programmer, but the biggest thing I have seen that helps is actually building something which solves a problem and you see how it functions by controlling the input and output. I also minimally looked at Automate the Boring Stuff, but I find that book also super useful. Another huge resource is actually reading the manuals and examples from Programiz. For example if the manual says A+B should equal C but I’m getting D then sit down and examine where I went awry. Sometimes I was stuck on a problem for a week or in one extreme case two weeks but I always figured it out and didn’t move on until I understood why I was wrong. 

Also Reddit was a huge resource."
Some Lessons from 16+ Years of Development,594,aqa74u,https://www.reddit.com/r/learnpython/comments/aqa74u/some_lessons_from_16_years_of_development/,129,1550113893.0,"Inspired by /u/ skiutoss 's post, I thought I'd add my own lessons.

Some other people probably got more from their years than I did - I started young(12-14) and I'm stubborn. But I somehow managed to bootstrap a 25+ person company, and have avoided working for anyone but myself and a few clients since I was 15. The only office I've really set foot in is the one I ran. Here are some things I've learned.

Most of this is related to SAAS services written in python.

* Your best programs and projects will be solving problems that you yourself have. If you're lucky, other people will have that problem too. If you're really lucky, they'll pay for your solution.
     * Your best libraries will be solving problems you have while programming. Write them, learn them, love them.

* Your past work is your best resource.

   * Because of how you code, you're likely to encounter similar issues. Standing examples of ""how I did this"" are tremendous resources.

   * Especially if you're a contract worker, developing your own helper libraries that each contract explicitly gives you the rights to (I offer a transferable license to my prior work, and myself ownership) is worth it's weight in gold. It grows and grows and grows.

* Don't re-invent the wheel, but don't use a dumptruck to move a toothpick just because it exists.

* Coding structure (classes, inheritance, etc) are not for your software as-is, it's for what it will become.
   * You will always be hung from your largest monolithic function.
   * When one function is made to do X and you already have a worse function to do X, the old function is to be deleted immediately.
* Misleading variable names are to be exterminated on sight.

* Consistent variable names will save you huge amounts of time, reduce bugs, and save time for coders you onboard.
     * Example: product_title in the function that determines the title, product_title in the dict it writes to a queue, product_title in the database, product_title in the json from the ajax call from the website, product_title as the javascript variable storing it on the site.

* Every piece of code should be written with a thought to how hard it will be to replace some day.

    * This is where well defined objects, microservices, and redis queues of tasks/objects shine.

* If you can't code to scale(because time constraints), code to buy yourself time to do so in the future.
    * As an example: If you are directly writing to a SQL database and it has the potential to be slow in the future, write the needed data to a redis queue and have workers execute it. When it starts to get hairy you can tick up the number of threads while you figure out how to speed up the DB or migrate to a new one.


* ""Clever"" code should be readable. If it's not, it's a detriment not a benefit. Coding is not your opportunity to show how much smarter you are than everyone else(who will have to maintain your shit)

* No, you won't remember. TODO lists and comments are vital.


* It is rare that you have a legitimate reason to be handwriting SQL queries.

* You will always need a dev environment. Develop scripts for setting them up.

* One of the greatest skills a programmer can have(especially one who works on early stage start-ups) is figuring out which corners *can* and *can't* be cut, and setting up the project to be easily fixed in the future.


* The less billing code you are writing, the better.
    * Significant issues in billing and backups are unforgivable tier errors. Clients and users will forgive downtime, they will not forgive their card being billed at random.

    * There are companies who handle things like subscriptions. Use them. Do not write your own.

* Don't just *have* backups, have an environment for testing those backups. Know how you're going to pause new incoming data when they're applied. Have a system that blows your phone the fuck up if they fail.
    * In many cases, a failed backup is a company-ender. It's that serious.

    * A master/slave configuration is not a backup. It will save you from hard drives roasting, not a sloppy ""UPDATE"" query.

    * Come to terms with the mortality of your hardware.

* Do not trust user input. Not their cookie, not their form input, and *never* their uploads. Javascript validation is for telling the user their input is wrong, not for keeping your data clean. That is done server side."
Python 201 Book is Free for 48 hours,598,5814lw,https://www.reddit.com/r/learnpython/comments/5814lw/python_201_book_is_free_for_48_hours/,138,1476782321.0,"I decided it would be fun to give my latest book away for free for 48 hours. So starting today, you can get **Python 201: Intermediate Python** free through [Gumroad](https://gumroad.com/l/py201#) or [Leanpub](http://leanpub.com/python201/c/201free). 

If you go with Gumroad, then you will need to use the following offer code: **201free**. Note that if you want to receive updates to the book, you will want to create an account and add the book to your library. 

I currently support the following digital formats: PDF, epub and mobi

Note: Repost from [/r/Python!](https://www.reddit.com/r/Python/comments/57xaud/python_201_book_is_free_for_48_hours/)

You might also want to check out my blog which has lots of fun Python tutorials and links to my other books: http://www.blog.pythonlibrary.org/"
Python 101 Book FREE for 48 hours!,584,5bmaz0,https://www.reddit.com/r/learnpython/comments/5bmaz0/python_101_book_free_for_48_hours/,125,1478556371.0,"Today I am releasing my first book, **Python 101**, for free for 48 hours. Python 101 was written as an introduction to the Python programming language. While it is intended for beginners, some have claimed that they needed more hand-holding than this book provided for them. So I currently recommend it as an **introductory** and **intermediate** book for developers that are looking to learn Python.

When I originally wrote the book, I noticed that there were few or no books available that described how to create executables of your code or distribute your code via Python’s Package Index (PyPI). Python 101 covers these topics as well as introducing the reader to Python’s standard library, how to install 3rd party packages and an introduction to some of the most popular 3rd party packages for Python, such as SQLAlchemy, requests and virtualenv.

Python 101 has **5 sections, 44 chapters and 295 pages**.

You can get Python 101 for free on Leanpub using the following link: http://leanpub.com/python_101/c/48hours

If you happen to have a [Gumroad](https://gum.co/bppWr) account, then you’ll be able to get the book free there as well by using the following offer code: **48hours**

You will get the **PDF**, **epub** and **mobi** versions of the book. You can see a full table of contents on the Leanpub site

If you like my first book, you can get its sequel, Python 201: Intermediate Python for **50%** off here: http://leanpub.com/python201/c/50percent

I also write a fun [Python blog](http://www.blog.pythonlibrary.org/) that has many other tutorials on it."
2000+ free programming books on github,559,8ycc5j,https://www.reddit.com/r/learnpython/comments/8ycc5j/2000_free_programming_books_on_github/,22,1531448737.0,"I just stumbled upon this gargantuan collection of 2000+ programming books. Many of them are Python, too: [link](https://github.com/EbookFoundation/free-programming-books/blob/master/free-programming-books.md#python). I guess filtering out the relevant information is more important than ever..."
"When I'm coding, I don't feel stupid anymore",551,989qx7,https://www.reddit.com/r/learnpython/comments/989qx7/when_im_coding_i_dont_feel_stupid_anymore/,78,1534603466.0,"I was diagnosed with Asperger syndrome when I was little (so i'm literally autistic), and while i don't 100% accept this diagnosis, I'm not completely convinced it's not correct either. I'm able to manage the worst of my depression and anxiety through routine and lifestyle, and have memorized enough do's and don'ts to navigate most but not all social interactions without upsetting people, but I have trouble focusing, remembering to do things, not offending people, and occasional bouts of crippling depression with self loathing and suicidal thoughts. At 27 years of age, I have dozens of moments per day where I think or even say out loud ""being retarded sucks"". When i'm coding though, I don't feel autistic anymore. 

When i'm coding, I get into a flow state and I don't feel anxious, don't think about suicide, and don't feel the need to drink. Even when I get frustrated, as all people who code do, I'm excited to find a solution. There is always a logical reason that the computer does what it does (not always the case with people), even if I haven't yet figured out what that reason is, and it is possible to find a rational solution by breaking down the problem into smaller and smaller components. Unlike the rules that dictate social interaction, which seem to update frequently, without warning and everyone but me understands these rules and I get penalized for breaking them, the  'rules' that dictate a computer's behavior stay the same even if software updates make it sometimes seem like they don't. Most importantly though, when I am learning something new with Python and it 'clicks', or when I figure out how to do something better than I was doing it before, I feel like a f\*\*\*ing genius. I feel like ""Even though you are a complete (fornicating imbecile) in every other area of life, it looks like you have finally found something you are good at, Douchabag\_Dan!""

I am so grateful to live in an age where this exists. I'm so grateful that Python has such a helpful community that makes it easy to learn and get started. Just wanted to share my gratitude. Thanks for reading. "
"""Automate the Boring Stuff"" author is live streaming Python programming on Monday evening 5/27, 6pm Pacific",545,btfqr3,https://www.reddit.com/r/learnpython/comments/btfqr3/automate_the_boring_stuff_author_is_live/,28,1558947829.0,"Hi Reddit! I'll be live streaming myself working on a few different text-based games in Python on Monday, 5/27 at 6pm Pacific:

https://www.twitch.tv/alsweigart/

I'm creating a collection of short, complete, text-based Python games. The idea is to create several examples for beginner/intermediate programmers to look at to see how programming concepts come together into a complete program (while still being small enough to understand). The current collection is on GitHub at: https://github.com/asweigart/PythonStdioGames/tree/master/src/"
Beginner's Python cheat sheets,545,4atn5f,https://www.reddit.com/r/learnpython/comments/4atn5f/beginners_python_cheat_sheets/,57,1458257951.0,"I recently made a set of cheat sheets aimed at beginners, and thought they might be useful to some people here.

The [first sheet](https://github.com/ehmatthes/pcc/raw/master/cheat_sheets/beginners_python_cheat_sheet_pcc.pdf) provides an overview of many basic concepts in Python. Individual sheets cover lists, dictionaries, if statements and while loops, functions, and classes. You can download [individual sheets](https://ehmatthes.github.io/pcc/cheatsheets/README.html), or download a pdf that includes all the sheets in [one document](https://github.com/ehmatthes/pcc/raw/master/cheat_sheets/beginners_python_cheat_sheet_pcc_all.pdf).

Cheat sheets have been really helpful to me at times when learning a new language or framework, and I hope these are useful to some people as well."
"PSA: If you have a library card, you probably have access to Lynda.com, which has tons of Python courses",509,6rrsdu,https://www.reddit.com/r/learnpython/comments/6rrsdu/psa_if_you_have_a_library_card_you_probably_have/,37,1501969082.0,"Lynda.com is one of those training/education websites like Coursera & Udemy. An account is usually around $30 per month, but a lot of libraries have an account you can use to access all the courses for free! So if you have a library card, you can log on to Lynda with it! 

I'd recommend going to your libraries website and searching for their link to Lynda. Log in through that link. Once you're logged in, just search for Python and tons of stuff comes up.

Wanted to let the sub know because if you're library has an account it's a valuable source of training available to you!"
MIT's Introduction to Computer Science and Programming Using Python starts today.,503,6x3tjg,https://www.reddit.com/r/learnpython/comments/6x3tjg/mits_introduction_to_computer_science_and/,87,1504171711.0,"I'm going to be taking this to help me learn python. 

If anyone else is interested the link is below and there is a [slack support group](https://join.slack.com/t/redditmitedxpython/shared_invite/MjMyNDc3ODk0MTEzLTE1MDM5NzY4OTMtY2E3ZDYzMDQ1Yg) running for all those who want to take it. 

[Course Link](https://www.edx.org/course/introduction-computer-science-mitx-6-00-1x-11)"
5 Common Python Mistakes and How to Fix Them,483,bg58gt,https://www.reddit.com/r/learnpython/comments/bg58gt/5_common_python_mistakes_and_how_to_fix_them/,51,1555984975.0,"I make Python videos on YouTube and get a lot of questions every day. I found these 5 mistakes to be common problems, especially for those who are learning Python. Hope some of you find this helpful. Video [here](https://youtu.be/zdJEYhA2AZQ):

 [https://youtu.be/zdJEYhA2AZQ](https://youtu.be/zdJEYhA2AZQ)  


Cheers"
"I am a self taught programmer developed my very own Jarvis, called Stephanie, an open source virtual assistant built to control and automate any task and so can you!",478,6ghxgg,https://www.reddit.com/r/learnpython/comments/6ghxgg/i_am_a_self_taught_programmer_developed_my_very/,28,1497161335.0,"[Stephanie](https://slapbot.github.io) is an open-source platform built specifically for voice-controlled applications as well as to automate daily tasks and hence imitating much of an virtual/personal assistant's job. It is written in python and I call it more as a framework than an application.

There are lots of amazing things about Stephanie, and I'd be listing few of them.

- **Beginner Friendly** - The Ultimate goal of this project is to create a general awareness among all sorts of people irrespective of their career background to get them interested in 'building something cool', that's why installation is made quite simpler but not the simplest to help general public learn programming in a very different way where they could feel they are making something cool while learning the essence of programming.
- **Minimal Hardware Requirements**, seriously, you got a machine? windows or linux? a speaker of any sort? headphone, headset and a mic which could be anything like inbuilt, bluetooth or just connect a freaking phone.

- **Privacy**, Stephanie offers lots of engines to adjust your privacy as needed, in contrast to other commercial based applications which tracks all of your data (listening everything)

- **Difference**,  Now you must okay dude, but how is it different from siri, cortana or echo and other commercial softwares?  Well first of all Stephanie is completely open source, even the algorithm which is used to predict the intent (I've written a paper on it which I would highly recommend to anyone interested in this link :  https://slapbot.github.io/documentation/resources/algorithm ) is open-sourced so basically you are using a software which is community driven.

- **Modules**,  So since Stephanie is completely open-source, you can integrate it with lots of public/private API's to take the application to new level, don't believe me, check out some of it's functionality.

Let's take a brief look at social networks, shall we? How about twitter eh?

***You***: Hey Stephanie, Do I have any twitter Notifications?

***Stephanie***: Your latest tweet has been favorited by 20 people, whereas @rayhudon mentioned you stop swooning over real madrid, they ain't gonna win 3 CLs consecutively, that's nuts.

(You can tweet something with the help of stephanie too, similarly I won't be talking about each one, since there are too many functionalities but you are welcome to check it for yourself.)

Okay so How about facebook? Do you ever forget your friends birthdays? well fear not, Now Stephanie got your back.

***You***: Hey Stephanie, Do I have any birthday reminders?

***Stephanie***: Oh Yes! your friend Karan Sachdeva has a birthday today.

Wanna write something in facebook as a wall post to show off among your friends? Cmon be humble dude.

***You***: Hey Stephanie, I wanna do a status update on facebook.

***Stephanie***: So, What's on your mind?

***You***: How can mirrors be real if our eyes aren't real.

***Stephanie***: 'How can mirrors be real if our eyes aren't real.' has been put up as wall post.

Now again this is just social networks, there are many more modules to work with, for instance: Ever wanna note something on fly? no worries mate, your **Evernote** Account got your back with it's integration, or maybe you want your unread emails? **gmail** is there for you, **weather updates**? forecast? *latest news** information, forget to wish your mom on mother's day? sync your **google calendar** man. Are you a movie-freak? Jesus, **imdb** got you, **Restaurants suggestions**? **Wikipedia**? **Quick Answers** to general IQ questions? And My personal favorite **Football** Module which has alone more than 30 functions to let you daydream your favorite football team or league.

**DEVELOPER FRIENDLY**,  Now this is the real deal right here, The reason I call it Jarvis v2.0 is because  I believe Stephanie more as a framework than an application and with it's extensive documentation  and a really cool interface you can built one of the most complex and intricate programs with it, Honestly, I feel a person can even create an  enterprise based application from it. The Developer guide written is basically for programmers to guide them on the process of how to write their own modules and extend the functionality of Stephanie, wanna sync up your Quora account? Reddit? Some obscure internet forum? Control your Air Conditioner? Door handles? Wifi Routers? Cool just write your own module and integrate with  Stephanie using a really nice interface which gives you all the functionality needed to built it out of the box.
-

Or maybe you just wanna integrate some other guy's written module? Awesome with a community and easy integrate methods, do whatever with Stephanie, change it's name to Munni or stick with the current one, It's 100% customizable and the decision is in your hands.


Finally, this is a video where I kind of explain about Stephanie, with few demonstrations if anyone is interested and doesn't wanna read up this post.

https://youtu.be/Pp5dXbWZsrU?t=1m40s

And at the last, the link to main website to know more about it :-
https://slapbot.github.io/
As well as the link to algorithmic paper : https://slapbot.github.io/documentation/resources/algorithm/

Github repo of Stephanie: https://github.com/slapbot/stephanie-va
Github repo of Sounde: https://github.com/SlapBot/sounder"
6 Months of Python Grinding Pays Off (thanks to this sub),475,78js5u,https://www.reddit.com/r/learnpython/comments/78js5u/6_months_of_python_grinding_pays_off_thanks_to/,55,1508916828.0,"I’m in a customer support leadership position and I’ve been at Python for roughly a half year after learning SQL the first half of the year. It wasn’t in my job description, but all the free time I had I spend working on relevant python scripts and I’d sometimes spend 15+ hours/week outside of the job getting scripts to work.

Our business intelligence officer let me know the plan is to pull me out of support and into an official data analyst role in Q1. 

I feel incredibly proud and wanted to share and thank this subreddit for always giving thoughtful answers, and for people not being afraid to ask what they might think are stupid questions. So many good resources are references and a plethora of general programming tips are shared. 

For anyone who’s just starting out, keep at it! If you have the opportunity work on scripts practical to your job you’ll eventually you’ll impress someone. I really can’t wait for the opportunity to focus on this stuff full time and really begin to grow. 

Thanks!"
My cousin asked me where I would go if I wanted to learn programming all over again. This was my response.,474,3p5z6o,https://www.reddit.com/r/learnpython/comments/3p5z6o/my_cousin_asked_me_where_i_would_go_if_i_wanted/,71,1445151580.0,"1.	Learn python: 
 1.	https://www.codecademy.com/en/tracks/python
 2.	https://www.coursera.org/learn/python 
 3.	https://www.coursera.org/learn/python-data
2.	Solve challenges with Python
 1.	https://www.hackerrank.com/domains
 2.	Note: You should be able to the ""Algorithms"" and ""Python"" domains. ""AI"" is fun too.
3.	Learn skills with Python
 1.	https://www.coursera.org/learn/python-databases
 2.	https://www.coursera.org/learn/python-network-data
4.	Get ready to build something
 1.	Get a Github account - 
 1.	If you have an edu email: https://education.github.com/pack
 2.	Star interesting projects! Search, discover, read!
 2.	www.reddit.com/r/Python
 3.	StackOverflow.com
5.	Build something!!! Ideas:
 1.	I know you're in the financial world. Why not Computational Investing?
      1.	https://www.coursera.org/learn/computational-investing
 2.	Python webapps are popular. Learn DJANGO (a python framework).
      1.	http://gettingstartedwithdjango.com/ 
 3.	Raspberry Pi's are hackable little computers that can be scripted with python. Buy a Pi 2 and hack away! Build a robot
 4.	Visit Hackathons!
     1.	https://mlh.io/seasons/s2015/events
 5.	Do TOPCODER challenges. These are some of the questions that come up in technical interviews
 1.	https://www.topcoder.com/challenges/?pageIndex=1
 6.	Something else! The possibilities are endless. Find something you want to do and do it!
6.	Next steps
 1.	Data Science is huuuuge and it's only getting bigger. Seek out online courses for DS and do the TopCoder DS challenges. 
 3.	Practice more on Django or Python on Pylons. Search for webdev openings. 
"
I created this free tool for learning Python and would love some feedback form /r/learnpython,477,8etktr,https://www.reddit.com/r/learnpython/comments/8etktr/i_created_this_free_tool_for_learning_python_and/,35,1524691958.0,"# [Practice Python](https://edabit.com/challenges/python3)

I posted in this sub over a year ago asking for help with translations but figured it's probably worth posting again now that there's LOTS of quality Python challenges (113 as of this post).

**EDIT: Thanks for the gold stranger!**"
Got a job offer today after doing the coding challenge and their technical interview with pythob,463,atbczv,https://www.reddit.com/r/learnpython/comments/atbczv/got_a_job_offer_today_after_doing_the_coding/,109,1550828060.0,"I got offered a new job today and took it. I did the coding challenge in flask and the simple interview question in python. I’m just really happy and just wanted to share somewhere. Thanks for all the help guys.


Edit: just realized my title misspelled python. I’m a disgrace.

Edit2: a lot of people have asked about the challenge and the interview question. I can’t really give out details about the challenge due to signing an nda, but i hopes of keeping it somewhat obscure it was to code a website/api that allowed users to register, login, and then save and manipulate some data.

The interview question was checking two strings to see if they were anagrams.

Update: I was originally going to do some stuff in salesforce but my first few tasks are automating browser testing. I’m using python with splinter. I’m soooooooo happy."
Pi Day is almost over and I nearly forgot to mention that I wrote a script so people can determine whether a pizza place’s large or small is a better deal based on cost per sq inch. It’s called Pizza Pi R Squared. Happy Pi Day!,451,b1a2lo,https://www.reddit.com/r/learnpython/comments/b1a2lo/pi_day_is_almost_over_and_i_nearly_forgot_to/,35,1552650531.0,Here it is: https://github.com/GTeninbaum/pizzapi.py/blob/master/v3.py. Pull requests welcome to improve it!
Beginner's Python cheat sheets - updated,449,4y06nq,https://www.reddit.com/r/learnpython/comments/4y06nq/beginners_python_cheat_sheets_updated/,50,1471391455.0,"In the spring I posted a set of cheat sheets aimed at beginners, and many people found them useful. I've since completed the set of sheets, and wanted to share the full set. The additional sheets cover files and exceptions, testing, Pygame, matplotlib, Pygal, and Django.

You can download [individual sheets](http://ehmatthes.github.io/pcc/cheatsheets/README.html), or download a pdf that includes all the sheets in [one document](https://github.com/ehmatthes/pcc/releases/download/v1.0.0/beginners_python_cheat_sheet_pcc_all.pdf). These sheets aim to remind you of Python's syntax, but they also include brief explanations of the concepts behind the syntax as well.

I wrote these sheets as supporting documentation for readers of [Python Crash Course](https://www.nostarch.com/pythoncrashcourse), but I think they're useful for beginners in general. I hope you find them helpful, and I'm happy to answer any questions about them.

"
"Where can I learn *actual* projects, not 'hello world'?",444,8fqt2i,https://www.reddit.com/r/learnpython/comments/8fqt2i/where_can_i_learn_actual_projects_not_hello_world/,90,1525030331.0,"Hi guys,


As the title suggests, I've crawled through many python/coding courses, that offer the same learning experience: mostly dry syntax education - ""what is a loop"", ""how to create variables"" etc etc.


Obviously this is extremely important, but is there any course that is actually enjoyable that teaches to build *finished* apps and programs? And I don't mean a tic tac toe game, or reminder app. Something a little more dynamic and interesting. Anything?


I want to learn by *doing*, not by essentially reading the dictionary. Any help would be great!"
"Learning Python for Data Science: Deep learning (TensorFlow, Theano, Keras, Caffe), scikit-learn, Kaggle, big data (Spark, Hadoop MapReduce, HDFS), matplotlib, pandas, NumPy, SciPy, Python essentials, AWS, and various command lines.",437,60n6gh,https://www.reddit.com/r/learnpython/comments/60n6gh/learning_python_for_data_science_deep_learning/,21,1490126722.0,"Hi Reddit,

Just wanted to share a recently updated collection of Jupyter notebooks I reference while learning about and working with data.

https://github.com/donnemartin/data-science-ipython-notebooks

Topics include:

* Python language essentials geared towards data processing
* Python data stack
* Machine learning
* Deep learning
* Big data processing with Spark, MapReduce, and AWS
* Statistical inference
* Business analyses (ie churn modeling)
* Various command lines

-Donne"
Learn algorithms and data structures (and prep for coding interviews) with interactive coding challenges in Python,434,63sg43,https://www.reddit.com/r/learnpython/comments/63sg43/learn_algorithms_and_data_structures_and_prep_for/,12,1491508580.0,"Hi Reddit,

I've recently overhauled the interactive Python coding challenges repo, now with more than double the original content:

https://github.com/donnemartin/interactive-coding-challenges

Included are unit tested reference implementations of various data structures and algorithms.

Each challenge has one or more reference solutions that are:

* Fully functional
* Unit tested
* Easy-to-understand

Notebooks also detail:

* Constraints
* Test cases
* Algorithms
* Big-O time and space complexities

Anki flashcards are also available.  Great for use while on-the-go!

Bonus: If you're looking to learn/practice system design or object oriented exercises, check out the sister repo, The System Design Primer:

https://github.com/donnemartin/system-design-primer

Hope this helps!

-Donne
"
The Ultimate List of Python YouTube Channels – Real Python,431,8sr32u,https://www.reddit.com/r/learnpython/comments/8sr32u/the_ultimate_list_of_python_youtube_channels_real/,19,1529609257.0,"For those who like to learn python by video this a great ""curated"" list for YouTube.

The Ultimate List of Python YouTube Channels – Real Python

[https://realpython.com/python-youtube-channels](https://realpython.com/python-youtube-channels)

My favorites so far: Al Sweigart, Corey Schafer, Sentdex and Socratica

Let me know what you like or find useful ..."
I made a thing: a Twitter bot which nags at my ISP when I'm unhappy with my internet connection.,429,8i9st7,https://www.reddit.com/r/learnpython/comments/8i9st7/i_made_a_thing_a_twitter_bot_which_nags_at_my_isp/,63,1525931438.0,"[Github repository](https://github.com/crlsmnzs/InternetSpeedNagger)

Inspired by a post I saw on /r/ProgrammerHumor ages ago. Critique my code as I'd be very happy to optimize it and make it more legible."
I just wanted to say how great Automate The Boring Stuff is,423,5honmq,https://www.reddit.com/r/learnpython/comments/5honmq/i_just_wanted_to_say_how_great_automate_the/,89,1481463529.0,"I'm only on chapter 3, but I have learned a lot. I'm able to create little programs such as a calorie calculator, small adventure game, dice simulator, etc. I'm having a lot of fun and I'm really excited for the future.

When I was learning html/css/js, I thought that's what programming was. I never enjoyed it and it was hard for me to learn. Python and ATBS has sparked something inside of me that makes me feel that fuzzy feeling again. Yipee!

I just really wanted to share with someone.

edit: spelling"
I made a cheatsheet for a co-worker thought it could be of use here.,416,9hv1ra,https://www.reddit.com/r/learnpython/comments/9hv1ra/i_made_a_cheatsheet_for_a_coworker_thought_it/,47,1537600686.0,"I made a cheatsheet for beginner to intermediate Python users about concepts I think everyone should know. Check it out and let me know what you'd want to see. Suggestions are more than welcome.

~~[https://github.com/gpetepg/python\_tips/blob/master/python\_tips\_1.ipynb](https://github.com/gpetepg/python_tips/blob/master/python_tips_1.ipynb)~~

Edit: Added a couple string formats! Let me know how I should name the files... Also working on itertools, collections and functools for sheet 2.

Edit 2: Use this link https://github.com/gpetepg/python_tips"
I fixed a bug in an open-source project for the first time ever today!,420,5l6cl9,https://www.reddit.com/r/learnpython/comments/5l6cl9/i_fixed_a_bug_in_an_opensource_project_for_the/,21,1483166808.0,"I was installing a Django plugin that crashed when I attempted to migrate the database during installation. I had no idea what caused it. First I searched google and stack exchange. Then I almost posted an issue on the github, but I decided I should dig a little further before posting. After 20-30 minutes of floundering around (and reinstalling from scratch a couple times)  I finally nailed down where exactly in the code the error was coming from (traceback wasn't super helpful). Turns out, someone fixed a bunch of tests 6 days ago and one of the tests on a migration was not updated along with the model that was updated. So I fixed it and ran it locally, and it worked!  

So all I did was change the name of a Model from testmodel to tmodel and I'm sure it would have been caught by someone within a few more days, but it just feels cool to finally be able to track that stuff down on my own and fix it rather than asking for questions and throwing my hands up all the time.  
  
Anyways, it feels pretty good, and none of my friends would get it so I figured I'd share with you guys. Hope everyone is having a happy New Year's Eve's Eve!"
My recent interview experience on Python.,411,bbmhg2,https://www.reddit.com/r/learnpython/comments/bbmhg2/my_recent_interview_experience_on_python/,83,1554934286.0,"Role: Automation Test Developer. 

Questions asked:

1: Basics of Linux, few tricky commands, what are inodes, setting up networking etc etc. 

2: Python: 

    Given a file, write a function which accepts a version 
    number, date and returns pass or fail. 
    
     EDIT:
     the file structure is basically a test result log file which contains lines of information.
     Each line has a version and date, tests run and results. 
     I was supposed to return results which are pass fail based on the version number and date given.:)
   

    Reverse a sentence without using slicing.

    List comprehension basics. 

What I did right: I wrote enough code solving pythonic interview problems, and I was comfortable writing the code in the interview. 

what I did wrong: Focused too much on interview type problems, like Coin change, linked list etc etc. Should have also focused on some real use cases of python. For example, how to test a code with different inputs, how to parse few lines from a file, how to schedule a cron job etc etc. 

TLDR; Don't just bust your head trying to solve interview challenges from cracking the coding interview. Also learn to make some real world programs."
"""I wish I'd found this tool earlier!!"" One example: Python Tutor",403,b06o4r,https://www.reddit.com/r/learnpython/comments/b06o4r/i_wish_id_found_this_tool_earlier_one_example/,50,1552418818.0,"Hello guys! I've been learning Python for more than 3 months now. Lately I've found this amazing tool called ""[Python Tutor](http://pythontutor.com/)"" which visualizes codes step by step. It helped me understand the problems with passing mutable objects as parameters and re-assignment of names.

&#x200B;

I was super ecstatic when I found out how useful Python Tutor is. I am sure there are other similar tools (not necessarily about code flow visualization) that could benefit beginners and intermediate programmers alike. Is there any moment like ""I wish I had found this tool earlier!"" that you would like to share?

&#x200B;

Thank you and happy programming!"
"TIL: If you use Duck Duck Go and type !py3k into the search bar, you will be directed to Python 3.7 docs!",399,arocm9,https://www.reddit.com/r/learnpython/comments/arocm9/til_if_you_use_duck_duck_go_and_type_py3k_into/,26,1550462351.0,"I noticed my self searching the python docs very often and did a quick search on the bangs ( -> ! is a bang) which DDG offers. 

If you want to search anything in particular just type: 
!py3k (search term).

Hope that this helps you guys. Happy Coding :)"
How I saved Thanksgiving for hundreds of families with Python,395,9y1b7r,https://www.reddit.com/r/learnpython/comments/9y1b7r/how_i_saved_thanksgiving_for_hundreds_of_families/,33,1542527637.0,"Consider this a very holiday-themed post. First of all, I'm thankful for this sub and for the members of #pySudyGroup for helping cultivate my skill.

I've been learning Python for almost 2 years now, and yesterday I was faced with a challenge where skills converged to save Thanksgiving. One of our clients at work is a popular local restaurant chain with 6 locations. Every year they take holiday orders for their best food. We built an orders and reports system with Wordpress (ugh, I know) into their main site. Reports that were being generated were necessary so that every location knew what exactly to cook and prepare. For whatever reason, we ran into an issue where they were unable to produce this crucial data using Wordpress. Without this data to give to each location, it meant the cooks would have no idea how to prepare for every order and hundreds of families would show up with nothing to pick up. This could lead to a very dysfunctional Thanksgiving.

Unfortunately, we couldn't find any real connection between orders and categories created by a third-party plugin, so we couldn't produce anything that would show on the front-end using some disgusting mySQL query. Anyways, I figured out that the SKU meta field for orders would show up in CSVs we could generate, and we could also have these orders separated by line items. So, to make a long story short, we created an SKU system for these items so they would have a category (e.g., ""bakery-0001, kitchen-0001, kitchen-002"").

Within a couple hours, we finally got the number from each report to be like I needed it and then applied some logic (89 lines of Python magic) to make sure the reports could be how the chefs needed it. I finished in time so the chefs could start making and baking and Thanksgiving is saved.

Feels good, man.

"
Python for Beginners - Complete Series,394,6bxbt5,https://www.reddit.com/r/learnpython/comments/6bxbt5/python_for_beginners_complete_series/,27,1495154027.0,"A nine-part series I put together on Python Programming for Beginners. We go over the setup, data types, conditionals, loops, functions, how to import modules and explore the standard library. I hope you find them useful:

1) [Installation and Setup](https://www.youtube.com/watch?v=YYXdXT2l-Gg)

2) [Strings](https://www.youtube.com/watch?v=k9TUPpGqYTo)

3) [Integers and Floats](https://www.youtube.com/watch?v=khKv-8q7YmY)

4) [Lists, Tuples, and Sets](https://www.youtube.com/watch?v=W8KRzm-HUcc)

5) [Dictionaries](https://www.youtube.com/watch?v=daefaLgNkw0)

6) [Conditionals and Booleans](https://www.youtube.com/watch?v=DZwmZ8Usvnk)

7) [Loops and Iterations](https://www.youtube.com/watch?v=6iF8Xb7Z3wQ)

8) [Functions](https://www.youtube.com/watch?v=9Os0o3wzS_I)

9) [Importing Modules and the Standard Library](https://www.youtube.com/watch?v=CqvZ3vGoGs0)

Entire Playlist - [Here](https://www.youtube.com/playlist?list=PL-osiE80TeTskrapNbzXhwoFUiLCjGgY7)"
Here's a website with 100+ short exercises for beginners to Python,376,7idif9,https://www.reddit.com/r/learnpython/comments/7idif9/heres_a_website_with_100_short_exercises_for/,25,1512747901.0,"Useful for any beginners over at www.pythonsandladders.com. A good number of questions to go through, some perhaps a little challenging even for seasoned problem solvers.

The whole thing runs in the browser through Skulpt, using JavaScript to emulate Python 2.6. 

Happy coding!"
Python Crash Course and An Introduction To High Performance Python,372,8ln9ga,https://www.reddit.com/r/learnpython/comments/8ln9ga/python_crash_course_and_an_introduction_to_high/,18,1527140819.0,"Hey, I made and ran a workshop / demonstration as part of a series of events my university is running; 'High Performance Python'.

 I have all of the code and presentations on Github, so I thought I'd share it with you all in case anyone finds it useful. [Github Link](https://github.com/LukeRoantree4815162342/QUB_DW_HighPerformancePython)

The workshop had two parts;

### A Python crash course / refresher -
[PythonRefresher](https://github.com/LukeRoantree4815162342/QUB_DW_HighPerformancePython/blob/master/PythonRefresher.ipynb)

### High Performance Python -
[HighPerformance](https://github.com/LukeRoantree4815162342/QUB_DW_HighPerformancePython/tree/master/HighPerformance)

Additionally, we have a tutorial for building a simple tic-tac-toe application;
[PythonApp](https://github.com/LukeRoantree4815162342/QUB_DW_HighPerformancePython/tree/master/Python_App)

Hope this is useful to someone, it was fun to make at least. 
Message me if you have suggestions, or even better fork the repo and make a pull request.


**[Edit: Someone gilded this - Thank you!]**"
Sentdex is updating his Introduction to Python series!,366,9sfycs,https://www.reddit.com/r/learnpython/comments/9sfycs/sentdex_is_updating_his_introduction_to_python/,49,1540867471.0,"For those of you who don't know who I'm talking about, Sentdex is an excellent teacher of Python and various Python libraries. He mentioned he was a little unhappy with his old Python tutorial series, and so he's updating it. I think he does a phenomenal job explaining concepts and helping you get going with Python, so I hope this helps other people as well.

If you're a beginner looking to get started, I highly recommend checking out this series as he releases it. Here's the first video, [Introduction to Python 3 Programming Tutorial](https://www.youtube.com/watch?v=eXBD2bB9-RA)."
Here's a way you can become a better programmer!,367,8bgawd,https://www.reddit.com/r/learnpython/comments/8bgawd/heres_a_way_you_can_become_a_better_programmer/,81,1523474652.0,"#### How do I become a better programmer?
I see this question on reddit quite a lot.  In fact, I usually see something like it every time I open up r/learnpython or r/learnprogramming.  There is always someone wanting to know how to become a better programmer, what magic pill or secret incantation that others do that instantly make them a better programmer.  Invariably, there is never a simple answer to their question - often the answer boils down to 'Here's a bunch of tutorials, do them until you know the syntax then work on a project that interests you.'

This often leads to some consternation on the part of the OP as they often wonder 'What project can I possibly work on if I don't know any programming?!?'  Often it seems as if they tentatively accept the advice and wander off into the wilderness to see if they can find this mystical project to work on.  Sometimes you even hear back from them.  Well.  Today I wanted to take a moment from my own project and tell you:  This is the absolute best advice anyone can give you.

All the practice tutorials out there are wonderful.  Most of them, with the exception of a few that are looked down on by communities as a whole, are fairly well suited to the purpose for which they were created:  Teaching the syntax of a language.   See, that's the thing that most new programmers don't realize.  You're not learning how to program when you're doing these tutorials, you're simply learning how to speak the language.  Most people learn a few words in the language of python and want to write the next big Facebook or go to work for Google.  Well, let me tell you brothers and sisters, that's the equivalent of learning how to say 'Parlez vous frances?' and wanting to immediately set off to write the next big french literary masterpiece.  It's technically possible, but so unlikely as to be completely improbable.


#### Find a project.
So...why learn all that language (syntax) from tutorials then squander them in trying to flop around doing /MORE TUTORIALS/?  There comes a point where you're just learning things that don't seem very useful to you at all - but you keep plugging through them thinking 'everyone says do this tutorial, it's GOT to make me a better programmer, right?  Dave?  Right??'  Well, let me give you an example of why it's important to move past tutorials and go on to working on a project that you find interesting.  Now, no lie, [this](https://pastebin.com/UnJgCTD6) is code that I produced in August of 2017.  Nothing special, nothing fantastic.  In fact, it was probably copied directly from a tutorial somewhere with very little understanding on my part until I began tweaking and moving it around.  Now, this level of code was where I stayed until the end of December when I started to get interested in an opensource python project ([Evennia](http://www.evennia.com/).  When I started on that it was the end of Christmas break, the kids were going back to school and since I'm a disabled stay at home dad looking for a way to become a better programmer and maybe start earning a little money to bring into the house, I figured 'What the hell...I used to love playing on Muds/Mushes/Moo's back in the day, why not take this out for a spin?'  That ended up plunging me headlong into a project that I felt ill-prepared for...but after the first couple of sessions of flailing around, not knowing where anything was and asking a bunch of questions on the (friendly!) irc chat the project uses, I settled down and started going through /their/ tutorials and working on implementing my own ideas.

It's been not quite four months...and [this](https://github.com/taladan/Pegasus/tree/origin/world/jobs) is the code I'm producing now.  Granted, there's probably a /lot/ wrong with it, and I'm still nailing down how to implement unittests into my code effectively, but...it's a hell of a lot more useful code that actually /does/ something.  I know that it's messy and not as good as some of the other stuff folks are doing, but in the last four months, I've learned (on my own) about Python, git, how to set up a development environment, how important standards are and why they exist.  And along the way, I've been working on different things and I'll ocassionally have a little flash of deja vu.  I'll go back and look at a project and realize - hey, I've done something very like this in a tutorial!  These are the moments when all the seemingly pointless how-to's and automating everything with the kitchen sink tutorials start to actually pay off.  


#### Don't forget the secret sauce.
Here's the secret that a lot of people don't think to tell you until you've been working at programming for a while:  You're going to have a hard time of it.  You're going to spend a whole day on one method, trying to figure out why it returns a list of tuples instead of just a straight list because something else is doing something you didn't account for.  See...**that** is how you become a better programmer. By sucking at it.  Not being satisfied with sucking at it, you google the shit out of your problem, ask on reddit, ask in IRC, post on git or stackoverflow....That's when you become better - when you have something that you're working on that is more important to you to get working than worrying about why the syntax of `','.join(string)` and `string.split(',')` look like that.  So...keep plugging along.  Find something you want to work on...something that you get up thinking about in the mornings...some puzzle you _really_ want to solve more than you want to watch that last episode of Dr. Who.  Do that and you'll become a better programmer.  Just be careful or the next time you're on Reddit, you'll see someone asking 'how do I be a better programmer?' and you'll invariably answer 'Do the tutorials, then find a project to work on'.  

I hope this helps some of the newer folks some.  The folks who are better programmers already, I only ask that you not giggle too badly at my code...I am afterall, still learning :D

_*Edit*_

I've had several people ask me how they can contribute to the project, or how to get started.  I've created a channel on [Freenode](https://webchat.freenode.net/)

I've also started some contribution guidelines [here](https://github.com/taladan/Pegasus/wiki)"
Managed to impress my manager with Python... that sounds dirty,366,c0d2xj,https://www.reddit.com/r/learnpython/comments/c0d2xj/managed_to_impress_my_manager_with_python_that/,108,1560497779.0," Had a noteworthy event at work today. I have an internship with Amazon for the summer, but it with the Data Center Operations divisions. So working with servers mostly. But I found a way to make an impression on my manager today using Python. I can't go into specific details of what we were working on (NDA and confidentiality and all) but I can talk about what I did. 

We were working with a large number of assets (327 total) and part of that work involved compiling information about those assets. Well as an intern I get all the crap jobs. So I got handed that job. So for 2 days, I've been working on compiling the info in a spreadsheet. Thought I was finished but found I only had information for 319 assets. Well, we can't just 'lose' 8 assets. That kind of looks bad on a record. So my manager wanted me to go through the list of total assets and figure out what 8 we didn't have info for. I'm like 99% sure he was expecting me to go line by line in excel and do a CTRL+F to see which ones from the total list weren't on the info list. A nice little process that would likely have taken me the better part of the day to accomplish.   

Instead, I pulled up python, threw together a script to build 2 lists (one for total assets, one for the information I had compiled) and then compare the lists. Anything it found in the totals list that it didn't find in the info list got dumped to a text file.  

Total time: 18 minutes (I had to look up some info on the xlswriter module).  

My manager literally said: ""How the hell did you do that?"" when I showed him the list 20 minutes after we spoke."
I finally understand classes thanks to this presentation.,359,6tkolm,https://www.reddit.com/r/learnpython/comments/6tkolm/i_finally_understand_classes_thanks_to_this/,18,1502721043.0,"As a newbie to coding in general and having trouble understanding classes. [This helped me a bunch](http://slides.com/jasonmyers/learnpython-classes#/), I hope others can find it useful."
What are the CORE skills a Python programmer should have?,358,bggkgs,https://www.reddit.com/r/learnpython/comments/bggkgs/what_are_the_core_skills_a_python_programmer/,74,1556055985.0,"Trying to build a solid sample size of stuff to learn

EDIT: What I’ve been seeing a good amount of is besides writing clean, pythonic code, learning and understanding how to use data structures is what made a good handful of people better programmers. Interesting."
Is there a website with short Python codes that I can read as q beginner to see well written code?,361,b3bh06,https://www.reddit.com/r/learnpython/comments/b3bh06/is_there_a_website_with_short_python_codes_that_i/,60,1553114159.0,
